Reference file name,Perturbation file name,IoU
01003_wk12.jpg,01003_wk12_aug.jpg,0.9985527056364075
01014_wk12_2.jpg,01014_wk12_2_aug.jpg,0.9919087263622856
01029_wk12.jpg,01029_wk12_aug.jpg,0.9370163095618804
01039_wk04.jpg,01039_wk04_aug.jpg,0.9960828885145421
01044_wk00_2.jpg,01044_wk00_2_aug.jpg,0.9925094159971107
mean,,0.9832140092144452
se,,0.010386748883246071
