Reference file name,Perturbation file name,IoU
01003_wk12.jpg,01003_wk12_aug.jpg,0.5500014676098506
01014_wk12_2.jpg,01014_wk12_2_aug.jpg,0.8812343213975627
01029_wk12.jpg,01029_wk12_aug.jpg,0.0
01039_wk04.jpg,01039_wk04_aug.jpg,0.946566666068577
01044_wk00_2.jpg,01044_wk00_2_aug.jpg,0.27856675392670155
mean,,0.5312738418005384
se,,0.16017539865783828
