Reference file name,Perturbation file name,IoU
01003_wk12.jpg,01003_wk12_aug.jpg,0.9931865729563076
01014_wk12_2.jpg,01014_wk12_2_aug.jpg,0.8633229685281377
01029_wk12.jpg,01029_wk12_aug.jpg,0.7338630358899196
01039_wk04.jpg,01039_wk04_aug.jpg,0.39253648389641066
01044_wk00_2.jpg,01044_wk00_2_aug.jpg,0.9223808892566063
mean,,0.7810579901054764
se,,0.09485031336838755
